[{"title": "atmospheric thermodynamics", "category": "forecast", "subject": "parametrization", "path": "data/16954-atmospheric-thermodynamics_bechtold_2009.pdf", "type": "lecture note", "from": "European Centre for Medium-Range Weather Forecasts", "author": "bechtold", "date": 2009}, {"title": "Survival Models", "category": "data science", "subject": "generalized linear models", "path": "data/c7.txt", "type": "lecture notes", "from": "Princeton University", "author": "German Rodriguez", "date": 2007}, {"title": "Exploratory Data Analysis Course Notes", "category": "data science", "subject": "data science and applications", "path": "data/exploratory-data-analysis-course-notes.txt", "type": "course notes", "from": "John Hopkins University", "author": "su", "date": 2015}, {"title": "data stream", "category": "data science", "subject": "data handling", "path": "data/mining-data-stream.pdf", "type": "book chapter", "from": "Stanford University", "author": "leskovec", "date": 2015}, {"title": "Linear Models for Continuous Data", "category": "data science", "subject": "generalized linear models", "path": "data/c2.txt", "type": "lecture notes", "from": "Princeton University", "author": "German Rodriguez", "date": 2007}, {"title": "similar items", "category": "data science", "subject": "data handling", "path": "data/finding-similar-items.pdf", "type": "book chapter", "from": "Stanford University", "author": "leskovec", "date": 2015}, {"title": "Reproducible Research Course Notes", "category": "data science", "subject": "data science and applications", "path": "data/reproducible-research-course-notes.txt", "type": "course notes", "from": "John Hopkins University", "author": "su", "date": 2015}, {"title": "scale machine learning", "category": "data science", "subject": "data serving", "path": "data/large-scale-machine-learning.pdf", "type": "book chapter", "from": "Stanford University", "author": "leskovec", "date": 2015}, {"title": "chaos and weather prediction", "category": "forecast", "subject": "predictability", "path": "data/16927-chaos-and-weather-prediction_buizza_2000.pdf", "type": "lecture note", "from": "European Centre for Medium-Range Weather Forecasts", "author": "buizza", "date": 2000}, {"title": "chaos and weather prediction", "category": "forecast", "subject": "introductory", "path": "data/16927-chaos-and-weather-prediction_buizza_2000.pdf", "type": "introductory lecture", "from": "European Centre for Medium-Range Weather Forecasts", "author": "buizza", "date": 2000}, {"title": "observation influence diagnostic data assimilation system", "category": "forecast", "subject": "data assimilation", "path": "data/16938-observation-influence-diagnostic-data-assimilation-system_cardinali_2013.pdf", "type": "lecture note", "from": "European Centre for Medium-Range Weather Forecasts", "author": "cardinali", "date": 2013}, {"title": "microwave radiative transfer modeling clouds and precipitation", "category": "forecast", "subject": "data assimilation", "path": "data/16944-microwave-radiative-transfer-modeling-clouds-and-precipitation_bauer_2004.pdf", "type": "lecture note", "from": "European Centre for Medium-Range Weather Forecasts", "author": "bauer", "date": 2004}, {"title": "inversion methods satellite sounding data", "category": "forecast", "subject": "data assimilation", "path": "data/16942-inversion-methods-satellite-sounding-data_eyre_1991.pdf", "type": "lecture note", "from": "European Centre for Medium-Range Weather Forecasts", "author": "eyre", "date": 1991}, {"title": "Data Scientists Toolbox Course Notes", "category": "data science", "subject": "data science and applications", "path": "data/data-scientists-toolbox-course-notes.txt", "type": "course notes", "from": "John Hopkins University", "author": "su", "date": 2015}, {"title": "Panel and Clustered Data", "category": "data science", "subject": "generalized linear models", "path": "data/c8.txt", "type": "lecture notes", "from": "Princeton University", "author": "German Rodriguez", "date": 2007}, {"title": "reduce", "category": "data science", "subject": "data handling", "path": "data/map-reduce.pdf", "type": "book chapter", "from": "Stanford University", "author": "leskovec", "date": 2015}, {"title": "general problem parametrization", "category": "forecast", "subject": "introductory", "path": "data/16929-general-problem-parametrization_tiedtke_1984.pdf", "type": "introductory lecture", "from": "European Centre for Medium-Range Weather Forecasts", "author": "tiedtke", "date": 1984}, {"title": "parametrization planetary boundary layer", "category": "forecast", "subject": "parametrization", "path": "data/16959-parametrization-planetary-boundary-layer_beljaars_1992.pdf", "type": "lecture note", "from": "European Centre for Medium-Range Weather Forecasts", "author": "beljaars", "date": 1992}, {"title": "moist convection", "category": "forecast", "subject": "parametrization", "path": "data/Atmospheric-moist-convection_bechtold_2009.pdf", "type": "lecture note", "from": "European Centre for Medium-Range Weather Forecasts", "author": "bechtold", "date": 2009}, {"title": "data assimilation tutorial based lorenz 95 system", "category": "forecast", "subject": "data assimilation", "path": "data/16935-data-assimilation-tutorial-based-lorenz-95-system_leutbecher_2004.pdf", "type": "lecture note", "from": "European Centre for Medium-Range Weather Forecasts", "author": "leutbecher", "date": 2004}, {"title": "Developing Data Products Course Notes", "category": "data science", "subject": "data science and applications", "path": "data/developing-data-products-course-notes.txt", "type": "course notes", "from": "John Hopkins University", "author": "su", "date": 2015}, {"title": "analysis", "category": "data science", "subject": "data serving", "path": "data/link-analysis.pdf", "type": "book chapter", "from": "Stanford University", "author": "leskovec", "date": 2015}, {"title": "systems", "category": "data science", "subject": "data serving", "path": "data/recommendation-systems.pdf", "type": "book chapter", "from": "Stanford University", "author": "leskovec", "date": 2015}, {"title": "microwave radiative transfer modeling clouds and precipitation part ii", "category": "forecast", "subject": "data assimilation", "path": "data/16945-microwave-radiative-transfer-modeling-clouds-and-precipitation-part-ii_bauer_2004.pdf", "type": "lecture note", "from": "European Centre for Medium-Range Weather Forecasts", "author": "bauer", "date": 2004}, {"title": "web", "category": "data science", "subject": "data serving", "path": "data/advertizing-web.pdf", "type": "book chapter", "from": "Stanford University", "author": "leskovec", "date": 2015}, {"title": "atmospheric waves", "category": "forecast", "subject": "numerical methods", "path": "data/16926-atmospheric-waves_miller_2002.pdf", "type": "lecture note", "from": "European Centre for Medium-Range Weather Forecasts", "author": "miller", "date": 2002}, {"title": "numerical methods", "category": "forecast", "subject": "numerical methods", "path": "data/16948-numerical-methods_riddaway_2001.pdf", "type": "lecture note", "from": "European Centre for Medium-Range Weather Forecasts", "author": "riddaway", "date": 2001}, {"title": "social network graphs", "category": "data science", "subject": "data handling", "path": "data/mining-social-network-graphs.pdf", "type": "book chapter", "from": "Stanford University", "author": "leskovec", "date": 2015}, {"title": "Poisson Models for Count Data", "category": "data science", "subject": "generalized linear models", "path": "data/c4.txt", "type": "lecture notes", "from": "Princeton University", "author": "German Rodriguez", "date": 2007}, {"title": "assimilation techniques 5 approximate kalman filters and singular vectors", "category": "forecast", "subject": "data assimilation", "path": "data/16934-assimilation-techniques-5-approximate-kalman-filters-and-singular-vectors_fisher_2001.pdf", "type": "lecture note", "from": "European Centre for Medium-Range Weather Forecasts", "author": "fisher", "date": 2001}, {"title": "parametrization non convective condensation processes", "category": "forecast", "subject": "parametrization", "path": "data/16952-parametrization-non-convective-condensation-processes_tiedtke_1987.pdf", "type": "lecture note", "from": "European Centre for Medium-Range Weather Forecasts", "author": "tiedtke", "date": 1987}, {"title": "Regression Models Course Notes", "category": "data science", "subject": "data science and applications", "path": "data/regression-models-course-notes.txt", "type": "course notes", "from": "John Hopkins University", "author": "su", "date": 2015}, {"title": "data assimilation concepts and methods", "category": "forecast", "subject": "data assimilation", "path": "data/16928-data-assimilation-concepts-and-methods_Bouttier_1999.pdf", "type": "lecture note", "from": "European Centre for Medium-Range Weather Forecasts", "author": "Bouttier", "date": 1999}, {"title": "reduction", "category": "data science", "subject": "data handling", "path": "data/dimensionality-reduction.pdf", "type": "book chapter", "from": "Stanford University", "author": "leskovec", "date": 2015}, {"title": "Multinomial Response Models", "category": "data science", "subject": "generalized linear models", "path": "data/c6.txt", "type": "lecture notes", "from": "Princeton University", "author": "German Rodriguez", "date": 2007}, {"title": "", "category": "data science", "subject": "data handling", "path": "data/datamining.pdf", "type": "book chapter", "from": "Stanford University", "author": "leskovec", "date": 2015}, {"title": "data assimilation concepts and methods", "category": "forecast", "subject": "introductory", "path": "data/16928-data-assimilation-concepts-and-methods_bouttier_1999.pdf", "type": "introductory lecture", "from": "European Centre for Medium-Range Weather Forecasts", "author": "bouttier", "date": 1999}, {"title": "Linear Models for Continuous Data", "category": "data science", "subject": "generalized linear models", "path": "data/a2.txt", "type": "lecture notes", "from": "Princeton University", "author": "German Rodriguez", "date": 2007}, {"title": "control gravity waves data assimilation", "category": "forecast", "subject": "data assimilation", "path": "data/16940-control-gravity-waves-data-assimilation_simmons_1999.pdf", "type": "lecture note", "from": "European Centre for Medium-Range Weather Forecasts", "author": "simmons", "date": 1999}, {"title": "atmospheric waves", "category": "forecast", "subject": "introductory", "path": "data/16926-atmospheric-waves_miller_2002.pdf", "type": "introductory lecture", "from": "European Centre for Medium-Range Weather Forecasts", "author": "miller", "date": 2002}, {"title": "assimilation algorithms", "category": "forecast", "subject": "data assimilation", "path": "data/16931-assimilation-algorithms_holm_2008.pdf", "type": "lecture note", "from": "European Centre for Medium-Range Weather Forecasts", "author": "holm", "date": 2008}, {"title": "principles remote sensing atmospheric parameters space", "category": "forecast", "subject": "data assimilation", "path": "data/16941-principles-remote-sensing-atmospheric-parameters-space_rizzi_1998.pdf", "type": "lecture note", "from": "European Centre for Medium-Range Weather Forecasts", "author": "rizzi", "date": 1998}, {"title": "Statistical Inference Course Notes", "category": "data science", "subject": "data science and applications", "path": "data/statistical-inference-course-notes.txt", "type": "course notes", "from": "John Hopkins University", "author": "su", "date": 2015}, {"title": "wave model", "category": "forecast", "subject": "numerical methods", "path": "data/16951-wave-model_janssen_1995.pdf", "type": "lecture note", "from": "European Centre for Medium-Range Weather Forecasts", "author": "janssen", "date": 1995}, {"title": "Log-Linear Models for Contingency Tables", "category": "data science", "subject": "generalized linear models", "path": "data/c5.txt", "type": "lecture notes", "from": "Princeton University", "author": "German Rodriguez", "date": 2007}, {"title": "parametrization cloud cover", "category": "forecast", "subject": "parametrization", "path": "data/16958-parametrization-cloud-cover_tompkins_2005.pdf", "type": "lecture note", "from": "European Centre for Medium-Range Weather Forecasts", "author": "tompkins", "date": 2005}, {"title": "Getting and Cleaning Data Course Notes", "category": "data science", "subject": "data science and applications", "path": "data/getting-and-cleaning-data-course-notes.txt", "type": "course notes", "from": "John Hopkins University", "author": "su", "date": 2015}, {"title": "radiation transfer", "category": "forecast", "subject": "parametrization", "path": "data/16964-radiation-transfer_morcrette_2000.pdf", "type": "lecture note", "from": "European Centre for Medium-Range Weather Forecasts", "author": "morcrette", "date": 2000}, {"title": "adiabatic formulation large scale models atmosphere finite schemes horizontal discretization", "category": "forecast", "subject": "numerical methods", "path": "data/16950-adiabatic-formulation-large-scale-models-atmosphere-finite-schemes-horizontal-discretization_simmons_1994.pdf", "type": "lecture note", "from": "European Centre for Medium-Range Weather Forecasts", "author": "simmons", "date": 1994}, {"title": "theory linear gravity waves", "category": "forecast", "subject": "parametrization", "path": "data/16962-theory-linear-gravity-waves_palmer_1987.pdf", "type": "lecture note", "from": "European Centre for Medium-Range Weather Forecasts", "author": "palmer", "date": 1987}, {"title": "observations and diagnostic tools data assimilation", "category": "forecast", "subject": "data assimilation", "path": "data/16939-observations-and-diagnostic-tools-data-assimilation_jarvinen_1998.pdf", "type": "lecture note", "from": "European Centre for Medium-Range Weather Forecasts", "author": "jarvinen", "date": 1998}, {"title": "assimilation techniques 3 3dvar", "category": "forecast", "subject": "data assimilation", "path": "data/16932-assimilation-techniques-3-3dvar_fisher_2001.pdf", "type": "lecture note", "from": "European Centre for Medium-Range Weather Forecasts", "author": "fisher", "date": 2001}, {"title": "general problem parametrization", "category": "forecast", "subject": "parametrization", "path": "data/16929-general-problem-parametrization_tiedtke_1984.pdf", "type": "lecture note", "from": "European Centre for Medium-Range Weather Forecasts", "author": "tiedtke", "date": 1984}, {"title": "assimilation techniques 4 4dvar", "category": "forecast", "subject": "data assimilation", "path": "data/16933-assimilation-techniques-4-4dvar_fisher_2001.pdf", "type": "lecture note", "from": "European Centre for Medium-Range Weather Forecasts", "author": "fisher", "date": 2001}, {"title": "introduction microwave radiative transfer", "category": "forecast", "subject": "data assimilation", "path": "data/16943-introduction-microwave-radiative-transfer_bauer_2002.pdf", "type": "lecture note", "from": "European Centre for Medium-Range Weather Forecasts", "author": "bauer", "date": 2002}, {"title": "sensitivity general circulation model performance convective parametrization", "category": "forecast", "subject": "parametrization", "path": "data/16957-sensitivity-general-circulation-model-performance-convective-parametrization_gregory_1997.pdf", "type": "lecture note", "from": "European Centre for Medium-Range Weather Forecasts", "author": "gregory", "date": 1997}, {"title": "adaptive observations hessian metric and singular vectors", "category": "forecast", "subject": "data assimilation", "path": "data/16936-adaptive-observations-hessian-metric-and-singular-vectors_leutbecher_2003.pdf", "type": "lecture note", "from": "European Centre for Medium-Range Weather Forecasts", "author": "leutbecher", "date": 2003}, {"title": "review parametrization schemes land surface processes", "category": "forecast", "subject": "parametrization", "path": "data/16960-review-parametrization-schemes-land-surface-processes_viterbo_2002.pdf", "type": "lecture note", "from": "European Centre for Medium-Range Weather Forecasts", "author": "viterbo", "date": 2002}, {"title": "Practical Machine Learning Course Notes", "category": "data science", "subject": "data science and applications", "path": "data/practical-machine-learning-course-notes.txt", "type": "course notes", "from": "John Hopkins University", "author": "su", "date": 2015}, {"title": "", "category": "data science", "subject": "data handling", "path": "data/clustering.pdf", "type": "book chapter", "from": "Stanford University", "author": "leskovec", "date": 2015}, {"title": "subgrid scale orographic drag", "category": "forecast", "subject": "parametrization", "path": "data/16963-subgrid-scale-orographic-drag_miller_2004.pdf", "type": "lecture note", "from": "European Centre for Medium-Range Weather Forecasts", "author": "miller", "date": 2004}, {"title": "adiabatic formulation models", "category": "forecast", "subject": "numerical methods", "path": "data/16949-adiabatic-formulation-models_davies_2002.pdf", "type": "lecture note", "from": "European Centre for Medium-Range Weather Forecasts", "author": "davies", "date": 2002}, {"title": "Logit Models for Binary Data", "category": "data science", "subject": "generalized linear models", "path": "data/c3.txt", "type": "lecture notes", "from": "Princeton University", "author": "German Rodriguez", "date": 2007}, {"title": "R Programming Course Notes", "category": "data science", "subject": "data science and applications", "path": "data/r-programming-course-notes.txt", "type": "course notes", "from": "John Hopkins University", "author": "su", "date": 2015}, {"title": "role land surface climate system", "category": "forecast", "subject": "parametrization", "path": "data/16961-role-land-surface-climate-system_viterbo_2002.pdf", "type": "lecture note", "from": "European Centre for Medium-Range Weather Forecasts", "author": "viterbo", "date": 2002}, {"title": "predicting uncertainty forecasts weather and climate", "category": "forecast", "subject": "predictability", "path": "data/16965-predicting-uncertainty-forecasts-weather-and-climate_palmer_1999.pdf", "type": "lecture note", "from": "European Centre for Medium-Range Weather Forecasts", "author": "palmer", "date": 1999}, {"title": "improved middle atmosphere climate and forecasts ecmwf model through non orographic gravity", "category": "forecast", "subject": "parametrization", "path": "data/16955-improved-middle-atmosphere-climate-and-forecasts-ecmwf-model-through-non-orographic-gravity_orr_2010.pdf", "type": "lecture note", "from": "European Centre for Medium-Range Weather Forecasts", "author": "orr", "date": 2010}, {"title": "land surface assimilation", "category": "forecast", "subject": "data assimilation", "path": "data/16946-land-surface-assimilation_mahmouf_2001.pdf", "type": "lecture note", "from": "European Centre for Medium-Range Weather Forecasts", "author": "mahmouf", "date": 2001}, {"title": "observation impact short range forecast", "category": "forecast", "subject": "data assimilation", "path": "data/16937-observation-impact-short-range-forecast_cardinali_2013.pdf", "type": "lecture note", "from": "European Centre for Medium-Range Weather Forecasts", "author": "cardinali", "date": 2013}, {"title": "properties equations motion", "category": "forecast", "subject": "numerical methods", "path": "data/16947-properties-equations-motion_cullen_2002.pdf", "type": "lecture note", "from": "European Centre for Medium-Range Weather Forecasts", "author": "cullen", "date": 2002}, {"title": "properties equations motion", "category": "forecast", "subject": "introductory", "path": "data/16930-properties-equations-motion_cullen_2002.pdf", "type": "introductory lecture", "from": "European Centre for Medium-Range Weather Forecasts", "author": "cullen", "date": 2002}, {"title": "mass flux approach parametrization deep convection", "category": "forecast", "subject": "parametrization", "path": "data/16956-mass-flux-approach-parametrization-deep-convection_gregory_1997.pdf", "type": "lecture note", "from": "European Centre for Medium-Range Weather Forecasts", "author": "gregory", "date": 1997}, {"title": "Addendum on Overdispersed Count Data", "category": "data science", "subject": "generalized linear models", "path": "data/c4a.txt", "type": "lecture notes", "from": "Princeton University", "author": "German Rodriguez", "date": 2007}]